n_arg,recursive_seconds,iterative_seconds,explicit_seconds
1,0.12239229999249801,0.14510900000459515,0.7460236000042642
2,0.16567740000027698,0.1942760000092676,0.7933026999962749
